Version,Chiplet,Base Address,Chiplet Id - range,User,Register Name,Description/Usage,Type,
2,TP,0x000F001A ,0x00,ATTN,"Interrupt register for special attention, checkstop, recoverable error",attnPIBStatus.C,write_whitelist,
,TP,0x00040030,0x00,HWSV,TOD error and interrupt register,p9_tod_init.C,write_whitelist,
,TP,0x00040013,0x00,HWSV,TOD TX TTYPE-2 triggering register,p9_tod_init.C,write_whitelist,
,TP,0x00040018,0x00,HWSV,TOD Load-TOD-Mod triggering register,p9_tod_init.C,write_whitelist,
,TP,0x00040016,0x00,HWSV,TOD TX TTYPE-5 triggering register,p9_tod_init.C,write_whitelist,
,TP,0x00040021,0x00,HWSV,TOD Load Register ,p9_tod_init.C,write_whitelist,
,TP,0x00040015,0x00,HWSV,TOD TX TTYPE-4 triggering register,p9_tod_init.C,write_whitelist,
,TP,0x00040032,0x00,HWSV,TOD error mask register,p9_tod_init.C,write_whitelist,
,TP,0x00040001,0x00,HWSV,TOD primary configuration: distribution port-0 control register,p9_tod_setup.C,write_whitelist,
,TP,0x00040003,0x00,HWSV,TOD secondary configuration: distribution port-0 control register,p9_tod_setup.C,write_whitelist,
,TP,0x00040004,0x00,HWSV,TOD secondary configuration: distribution port-1 control register,p9_tod_setup.C,write_whitelist,
,TP,0x00040002,0x00,HWSV,TOD primary configuration: distribution port-1 control register,p9_tod_setup.C,write_whitelist,
,TP,0x00040029,0x00,HWSV,TOD RX TType control register ,p9_tod_setup.C,write_whitelist,
,TP,0x00040007,0x00,HWSV,TOD primary/secondary configuration control register,p9_tod_setup.C,write_whitelist,
,TP,0x00040005,0x00,HWSV,TOD slave path control register,p9_tod_setup.C,write_whitelist,
,TP,0x00040000,0x00,HWSV,TOD master paths control register,p9_tod_setup.C,write_whitelist,
,TP,0x00040006,0x00,HWSV,TOD internal path control register,p9_tod_setup.C,write_whitelist,
,Nest 3,0x05013419,0x05,HWSV,PB Electrical Round-Trip Delay Control Register,p9_tod_setup.C,write_whitelist,
,TP,0x00040010,0x00,HWSV,TOD chip control register,p9_tod_setup.C,write_whitelist,
,Nest 3,0x05012913,0x05,HWSV,PSI Host Bridge Control/Status Register(CLEAR),hwcoProcPsiInit.C,write_whitelist,
,Nest 2,0x04011830,0x04,HWSV,PSI Tx Cntl Reg,hwcoProcPsiInit.C,write_whitelist,
,Nest 2,0x04011820,0x04,HWSV,PSI Rx Cntl Reg,hwcoProcPsiInit.C,write_whitelist,
,Nest 2,0x04011831,0x04,HWSV,PSI Tx Mode Reg,hwcoProcPsiInit.C,write_whitelist,
,Nest 2,0x04000019,0x04,HWSV,Chiplet Config Register 1,hwcoProcPsiInit.C,write_whitelist,
,Nest 3,0x05012912,0x05,HWSV,PSI Host Bridge Control/Status Register(OR),hwcoProcPsiInit.C,write_whitelist,
,Nest 3,0x05012800,0x05,HWSV,PSI TX and Common Control Status Register,hwcoProcPsiInit.C,write_whitelist,
,Nest 3,0x05012808,0x05,HWSV,PSI RX Control Status Register,hwcoProcPsiInit.C,write_whitelist,
,Nest 3,0x05012806,0x05,HWSV,PSI TX Data Flow FSM,hwcoProcPsiInit.C,write_whitelist,
,Nest 3,0x0501280E,0x05,HWSV,PSI RX Data Flow FSM,hwcoProcPsiInit.C,write_whitelist,
,Nest 3,0x05012911,0x05,HWSV,PSI Host Bridge Debug Service Register,hwcoProcPsiInit.C,write_whitelist,
,Nest 3,0x0501280A,0x05,HWSV,PSI Rx Error Register,hwcoProcPsiInit.C,write_whitelist,
,Nest 3,0x05012802,0x05,HWSV,PSI Tx Error Register,hwcoProcPsiInit.C,write_whitelist,
,MC,0x070123DB,0x07-0x08,HWSV,MCBIST Control Register,lib/dimm/ccs.H,write_whitelist,
,MC,0x070123A7,0x07-0x08,HWSV,MCP Configured Command Sequence Mode Register,lib/dimm/ccs.H,write_whitelist,
,MC,0x8000C0110701103F,0x07-0x08,HWSV,,lib/dimm/rank.H,write_whitelist,
,MC,0x8000C0350701103F,0x07-0x08,HWSV,,lib/dimm/rank.H,write_whitelist,
,MC,0x07010913,0x07-0x08,HWSV,MCP Final Arb parameters,lib/mc/port.H,write_whitelist,
,MC,0x07010918,0x07-0x08,HWSV,MCP DDR Interface SCOM Control,lib/mc/port.H,write_whitelist,
,MC,0x07010932,0x07-0x08,HWSV,MCP Refresh Register 0,lib/mc/port.H,write_whitelist,
,MC,0x07010A0A,0x07-0x08,HWSV,MCP Read ECC Control Register,lib/mc/port.H,write_whitelist,
,MC,0x070123E0,0x07-0x08,HWSV,MCP MCBIST Configuration Register,lib/mcbist/mcbist.H,write_whitelist,
,MC,0x07012366,0x07-0x08,HWSV,MCP MCBIST error Status Register(Read Only??),lib/mcbist/mcbist.H,write_whitelist,
,MC,0x07012355,0x07-0x08,HWSV,MCP MBS Memory Scrub/Read Error Count Register 0,lib/mcbist/mcbist.H,write_whitelist,
,MC,0x07012356,0x07-0x08,HWSV,MCP MBS Memory Scrub/Read Error Count Register 1,lib/mcbist/mcbist.H,write_whitelist,
,MC,0x07012300,0x07-0x08,HWSV,MCP MCBIST Fault Isolation Register,lib/mcbist/mcbist.H,write_whitelist,
,MC,0x07012357,0x07-0x08,HWSV,MCP MBS Memory Scrub/Read Error Threshold Register,lib/mcbist/mcbist.H,write_whitelist,
,MC,0x8000C8090701103F,0x07-0x08,HWSV,,lib/phy/read_cntrl.H,write_whitelist,
,MC,0x8000C80A0701103F,0x07-0x08,HWSV,,lib/phy/read_cntrl.H,write_whitelist,
,MC,0x8000C8000701103F,0x07-0x08,HWSV,,lib/phy/read_cntrl.H,write_whitelist,
,MC,0x8000C8010701103F,0x07-0x08,HWSV,,lib/phy/read_cntrl.H,write_whitelist,
,MC,0x8000C8020701103F,0x07-0x08,HWSV,,lib/phy/read_cntrl.H,write_whitelist,
,MC,0x8000C8070701103F,0x07-0x08,HWSV,,lib/phy/read_cntrl.H,write_whitelist,
,MC,0x8000CC000701103F,0x07-0x08,HWSV,,lib/phy/write_cntrl.H,write_whitelist,
,MC,0x8000CC010701103F,0x07-0x08,HWSV,,lib/phy/write_cntrl.H,write_whitelist,
,MC,0x8000CC020701103F,0x07-0x08,HWSV,,lib/phy/write_cntrl.H,write_whitelist,
,MC,0x8000CC050701103F,0x07-0x08,HWSV,,lib/phy/write_cntrl.H,write_whitelist,
,MC,0x8000CC060701103F,0x07-0x08,HWSV,,lib/phy/write_cntrl.H,write_whitelist,
,TP,90000,0x00,HB,Alter/Display Control Register,TODO via:HB story 177597 SBE story 177901,write_whitelist,
,TP,90001,0x01,HB,Alter/Display Command Register,TODO via:HB story 177597 SBE story 177901,write_whitelist,
,TP,90002,0x02,HB,Alter/Display Special Option Register,TODO via:HB story 177597 SBE story 177901,write_whitelist,
,TP,90021,0x03,HB,pMisc Mode Register,,write_whitelist,
,TP,00000000000F0042,0x00,HB,??,,write_whitelist,
,Nest 1,3010805,0x03,HB,MC FIR Mask Register (MC23 PBIO 1),TODO via:HB story 177597 SBE story 177901,write_whitelist,
,Nest 1,000000000301080A,0x03,HB,MC Primary Memory Config Register,,write_whitelist,
,Nest 1,3010810,0x03,HB,MC Performace Register 1,,write_whitelist,
,Nest 1,3010812,0x03,HB,MC Mode1 Register,,write_whitelist,
,Nest 1,3010885,0x03,HB,MC FIR Mask Register (MC23 PBI 23),TODO via:HB story 177597 SBE story 177901,write_whitelist,
,Nest 1,000000000301088A,0x03,HB,MC Primary Memory Config Register (MC23.PBI23),,write_whitelist,
,Nest 1,3010890,0x03,HB,MC Performance Register 1 (MC23.PBI23),,write_whitelist,
,Nest 1,3010892,0x03,HB,MC Mode1 Register (MC23.PBI23),,write_whitelist,
,Nest 3,5010805,0x03,HB,MC FIR Mask Register (MC01.PBIO1),TODO via:HB story 177597 SBE story 177901,write_whitelist,
,Nest 3,000000000501080A,0x03,HB,MC Primary Memory Config Register (MC01.PBIO1),,write_whitelist,
,Nest 3,5010810,0x03,HB,MC Performance Register 1  (MC01.PBIO1),,write_whitelist,
,Nest 3,5010812,0x03,HB,MC Mode1 Register  (MC01.PBIO1),,write_whitelist,
,Nest 3,5010885,0x03,HB,MC FIR Mask Register (MC01.PBI23),TODO via:HB story 177597 SBE story 177901,write_whitelist,
,Nest 3,000000000501088A,0x03,HB,MC Primary Memory Config Register (MC01.PBI23),,write_whitelist,
,Nest 3,5010890,0x03,HB,MC Performance Register 1 (MC01.PBI23),,write_whitelist,
,Nest 3,5010892,0x03,HB,MC Mode1 Register (MC01.PBI23),,write_whitelist,
,Nest 3,000000000501180A,0x03,HB,PB PowerBus PB WEST Mode Config reg,,write_whitelist,
,Nest 3,000000000501180B,0x03,HB,PB PowerBus PB west HP Mode Config reg,,write_whitelist,
,Nest 3,000000000501180C,0x03,HB,PB PowerBus PB west HP Mode Config reg,,write_whitelist,
,Nest 3,000000000501180D,0x03,HB,PB PowerBus PB west HP Mode Config reg,,write_whitelist,
,Nest 3,000000000501180E,0x03,HB,PB PowerBus PB west HP Mode Config reg,,write_whitelist,
,Nest 3,000000000501180F,0x03,HB,PB PowerBus PB west HP Mode Config reg,,write_whitelist,
,Nest 3,5011810,0x03,HB,PB PowerBus PB west HP Mode Config reg,,write_whitelist,
,Nest 3,0000000005011C0A,0x03,HB,PB PowerBus PB CENT Mode Config reg,,write_whitelist,
,Nest 3,0000000005011C0B,0x03,HB,PB PowerBus PB CENT HP Mode Config reg,,write_whitelist,
,Nest 3,0000000005011C0C,0x03,HB,PB PowerBus PB CENT HP Mode Config reg,,write_whitelist,
,Nest 3,0000000005011C0D,0x03,HB,PB PowerBus PB CENT HP Mode Config reg,,write_whitelist,
,Nest 3,0000000005011C0E,0x03,HB,PB PowerBus PB CENT HP Mode Config reg,,write_whitelist,
,Nest 3,0000000005011C0F,0x03,HB,PB PowerBus PB CENT HP Mode Config reg,,write_whitelist,
,Nest 3,0000000005011C10,0x03,HB,PB PowerBus PB CENT HP Mode Config reg,,write_whitelist,
,Nest 3,0000000005011C26,0x03,HB,PB PowerBus PB CENT GP CMD RATE DP0 reg,,write_whitelist,
,Nest 3,0000000005011C27,0x03,HB,PB PowerBus PB CENT GP CMD RATE DP1 reg,,write_whitelist,
,Nest 3,0000000005011C28,0x03,HB,PB PowerBus PB CENT RGP CMD RATE DP0 reg,,write_whitelist,
,Nest 3,0000000005011C29,0x03,HB,PB PowerBus PB CENT RGP CMD RATE DP1 reg,,write_whitelist,
,Nest 3,0000000005011C2A,0x03,HB,PB PowerBus PB CENT SP CMD RATE DP0 reg,,write_whitelist,
,Nest 3,0000000005011C2B,0x03,HB,PB PowerBus PB CENT SP CMD RATE DP1 reg,,write_whitelist,
,Nest 3,0000000005011C32,0x03,HB,PB PowerBus EXTFIR mask registers,TODO via:HB story 177597 SBE story 177901,write_whitelist,write_whitelist
,Nest 3,0000000005011C34,0x03,HB,PB PowerBus EXTFIR Action 0 Register,TODO via:HB story 177597 SBE story 177901,write_whitelist,write_whitelist
,Nest 3,0000000005011C35,0x03,HB,PB PowerBus EXTFIR Action 1 Register,TODO via:HB story 177597 SBE story 177901,write_whitelist,write_whitelist
,Nest 3,000000000501200A,0x03,HB,PB PowerBus PB east Mode Config reg,,write_whitelist,
,Nest 3,000000000501200B,0x03,HB,PB PowerBus PB east HP Mode Config reg,,write_whitelist,
,Nest 3,000000000501200C,0x03,HB,PB PowerBus PB east HP Mode Config reg,,write_whitelist,
,Nest 3,000000000501200D,0x03,HB,PB PowerBus PB east HP Mode Config reg,,write_whitelist,
,Nest 3,000000000501200E,0x03,HB,PB PowerBus PB east HP Mode Config reg,,write_whitelist,
,Nest 3,000000000501200F,0x03,HB,PB PowerBus PB east HP Mode Config reg,,write_whitelist,
,Nest 3,5012010,0x03,HB,PB PowerBus PB east HP Mode Config reg,,write_whitelist,
,Nest 3,5013403,0x03,HB,PB PowerBus PBEN IOX domain FIR0 Mask Register,TODO via:HB story 177597 SBE story 177901,write_whitelist,write_whitelist
,Nest 3,5013406,0x03,HB,PowerBus PBEN IOX domain FIR Action 0 Register,TODO via:HB story 177597 SBE story 177901,write_whitelist,
,Nest 3,5013407,0x03,HB,PowerBus PBEN IOX domain FIR Action 1 Register,TODO via:HB story 177597 SBE story 177901,write_whitelist,
,Nest 3,000000000501340A,0x03,HB,PB PowerBus Electrical Framer/Parser 01 Config Register,,write_whitelist,
,Nest 3,000000000501340B,0x03,HB,PB PowerBus Electrical Framer/Parser 23 Config Register,,write_whitelist,
,Nest 3,000000000501340C,0x03,HB,PB PowerBus Electrical Framer/Parser 45 Config Register,,write_whitelist,
,Nest 3,5013410,0x03,HB,PB PowerBus Electrical Link Data Buffer 01 Config Register,,write_whitelist,
,Nest 3,5013411,0x03,HB,PB PowerBus Electrical Link Data Buffer 23 Config Register,,write_whitelist,
,Nest 3,5013412,0x03,HB,PB PowerBus Electrical Link Data Buffer 45 Config Register,,write_whitelist,
,Nest 3,5013423,0x03,HB,PB PowerBus Electrical Miscellaneous Config Register,,write_whitelist,
,Nest 3,5013424,0x03,HB,PB PowerBus Electrical Link Trace Config Register,,write_whitelist,
,XBUS,6000019,0x06,HB,XB Chiplet Config Register 1,,write_whitelist,
,XBUS,6011803,0x06,HB,PowerBus ELL FIR Mask Register,TODO via:HB story 177597 SBE story 177901,write_whitelist,
,XBUS,6011806,0x06,HB,PowerBus ELL FIR Action 0 Register,TODO via:HB story 177597 SBE story 177901,write_whitelist,
,XBUS,6011807,0x06,HB,PowerBus ELL FIR Action 1 Register,TODO via:HB story 177597 SBE story 177901,write_whitelist,
,XBUS,000000000601180A,0x06,HB,PowerBus ELL Config register,,write_whitelist,
,XBUS,6011818,0x06,HB,PowerBus ELL Replay Threshold register,,write_whitelist,
,XBUS,6011819,0x06,HB,PowerBus ELL SL ECC Threshold register,,write_whitelist,
,XBUS,0000000006011C0B,0x06,HB,PowerBus ELL Control register,,write_whitelist,
,XBUS,000000000601200B,0x06,HB,PowerBus ELL Control register,,write_whitelist,
,Core,0000000020010A9C,0x20-0x37,HB,Direct injects into logic - no latches!!,,write_whitelist,
,Core,0000000020010A9D,0x20-0x37,HB,RAS Mode Register,,write_whitelist,
,XBUS,8000000006010C3F,0x06,HB,,,write_whitelist,
,XBUS,8000000106010C3F,0x06,HB,,,write_whitelist,
,XBUS,8000000206010C3F,0x06,HB,,,write_whitelist,
,XBUS,8000000306010C3F,0x06,HB,,,write_whitelist,
,XBUS,8000000406010C3F,0x06,HB,,,write_whitelist,
,XBUS,8000000506010C3F,0x06,HB,,,write_whitelist,
,XBUS,8000000606010C3F,0x06,HB,,,write_whitelist,
,XBUS,8000000706010C3F,0x06,HB,,,write_whitelist,
,XBUS,8000000806010C3F,0x06,HB,,,write_whitelist,
,XBUS,8000000906010C3F,0x06,HB,,,write_whitelist,
,XBUS,8000000A06010C3F,0x06,HB,,,write_whitelist,
,XBUS,8000000B06010C3F,0x06,HB,,,write_whitelist,
,XBUS,8000000C06010C3F,0x06,HB,,,write_whitelist,
,XBUS,8000000D06010C3F,0x06,HB,,,write_whitelist,
,XBUS,8000000E06010C3F,0x06,HB,,,write_whitelist,
,XBUS,8000000F06010C3F,0x06,HB,,,write_whitelist,
,XBUS,8000001006010C3F,0x06,HB,,,write_whitelist,
,XBUS,8000001106010C3F,0x06,HB,,,write_whitelist,
,XBUS,8000002006010C3F,0x06,HB,,,write_whitelist,
,XBUS,8000002106010C3F,0x06,HB,,,write_whitelist,
,XBUS,8000002206010C3F,0x06,HB,,,write_whitelist,
,XBUS,8000002306010C3F,0x06,HB,,,write_whitelist,
,XBUS,8000002406010C3F,0x06,HB,,,write_whitelist,
,XBUS,8000002506010C3F,0x06,HB,,,write_whitelist,
,XBUS,8000002606010C3F,0x06,HB,,,write_whitelist,
,XBUS,8000002706010C3F,0x06,HB,,,write_whitelist,
,XBUS,8000002806010C3F,0x06,HB,,,write_whitelist,
,XBUS,8000002906010C3F,0x06,HB,,,write_whitelist,
,XBUS,8000002A06010C3F,0x06,HB,,,write_whitelist,
,XBUS,8000002B06010C3F,0x06,HB,,,write_whitelist,
,XBUS,8000002C06010C3F,0x06,HB,,,write_whitelist,
,XBUS,8000002D06010C3F,0x06,HB,,,write_whitelist,
,XBUS,8000002E06010C3F,0x06,HB,,,write_whitelist,
,XBUS,8000002F06010C3F,0x06,HB,,,write_whitelist,
,XBUS,8000003006010C3F,0x06,HB,,,write_whitelist,
,XBUS,8000003106010C3F,0x06,HB,,,write_whitelist,
,XBUS,8000080006010C3F,0x06,HB,,,write_whitelist,
,XBUS,8000080106010C3F,0x06,HB,,,write_whitelist,
,XBUS,8000080206010C3F,0x06,HB,,,write_whitelist,
,XBUS,8000080306010C3F,0x06,HB,,,write_whitelist,
,XBUS,8000080406010C3F,0x06,HB,,,write_whitelist,
,XBUS,8000080506010C3F,0x06,HB,,,write_whitelist,
,XBUS,8000080606010C3F,0x06,HB,,,write_whitelist,
,XBUS,8000080706010C3F,0x06,HB,,,write_whitelist,
,XBUS,8000080806010C3F,0x06,HB,,,write_whitelist,
,XBUS,8000080906010C3F,0x06,HB,,,write_whitelist,
,XBUS,8000080A06010C3F,0x06,HB,,,write_whitelist,
,XBUS,8000080B06010C3F,0x06,HB,,,write_whitelist,
,XBUS,8000080C06010C3F,0x06,HB,,,write_whitelist,
,XBUS,8000080D06010C3F,0x06,HB,,,write_whitelist,
,XBUS,8000080E06010C3F,0x06,HB,,,write_whitelist,
,XBUS,8000080F06010C3F,0x06,HB,,,write_whitelist,
,XBUS,8000081006010C3F,0x06,HB,,,write_whitelist,
,XBUS,8000081106010C3F,0x06,HB,,,write_whitelist,
,XBUS,8000082006010C3F,0x06,HB,,,write_whitelist,
,XBUS,8000082106010C3F,0x06,HB,,,write_whitelist,
,XBUS,8000082206010C3F,0x06,HB,,,write_whitelist,
,XBUS,8000082306010C3F,0x06,HB,,,write_whitelist,
,XBUS,8000082406010C3F,0x06,HB,,,write_whitelist,
,XBUS,8000082506010C3F,0x06,HB,,,write_whitelist,
,XBUS,8000082606010C3F,0x06,HB,,,write_whitelist,
,XBUS,8000082706010C3F,0x06,HB,,,write_whitelist,
,XBUS,8000082806010C3F,0x06,HB,,,write_whitelist,
,XBUS,8000082906010C3F,0x06,HB,,,write_whitelist,
,XBUS,8000082A06010C3F,0x06,HB,,,write_whitelist,
,XBUS,8000082B06010C3F,0x06,HB,,,write_whitelist,
,XBUS,8000082C06010C3F,0x06,HB,,,write_whitelist,
,XBUS,8000082D06010C3F,0x06,HB,,,write_whitelist,
,XBUS,8000082E06010C3F,0x06,HB,,,write_whitelist,
,XBUS,8000082F06010C3F,0x06,HB,,,write_whitelist,
,XBUS,8000083006010C3F,0x06,HB,,,write_whitelist,
,XBUS,8000083106010C3F,0x06,HB,,,write_whitelist,
,XBUS,8000280006010C3F,0x06,HB,,,write_whitelist,
,XBUS,8000280106010C3F,0x06,HB,,,write_whitelist,
,XBUS,8000280206010C3F,0x06,HB,,,write_whitelist,
,XBUS,8000280306010C3F,0x06,HB,,,write_whitelist,
,XBUS,8000280406010C3F,0x06,HB,,,write_whitelist,
,XBUS,8000280506010C3F,0x06,HB,,,write_whitelist,
,XBUS,8000280606010C3F,0x06,HB,,,write_whitelist,
,XBUS,8000280706010C3F,0x06,HB,,,write_whitelist,
,XBUS,8000280806010C3F,0x06,HB,,,write_whitelist,
,XBUS,8000280906010C3F,0x06,HB,,,write_whitelist,
,XBUS,8000280A06010C3F,0x06,HB,,,write_whitelist,
,XBUS,8000280B06010C3F,0x06,HB,,,write_whitelist,
,XBUS,8000280C06010C3F,0x06,HB,,,write_whitelist,
,XBUS,8000280D06010C3F,0x06,HB,,,write_whitelist,
,XBUS,8000280E06010C3F,0x06,HB,,,write_whitelist,
,XBUS,8000280F06010C3F,0x06,HB,,,write_whitelist,
,XBUS,8000281006010C3F,0x06,HB,,,write_whitelist,
,XBUS,8000281106010C3F,0x06,HB,,,write_whitelist,
,XBUS,8000282006010C3F,0x06,HB,,,write_whitelist,
,XBUS,8000282106010C3F,0x06,HB,,,write_whitelist,
,XBUS,8000282206010C3F,0x06,HB,,,write_whitelist,
,XBUS,8000282306010C3F,0x06,HB,,,write_whitelist,
,XBUS,8000282406010C3F,0x06,HB,,,write_whitelist,
,XBUS,8000282506010C3F,0x06,HB,,,write_whitelist,
,XBUS,8000282606010C3F,0x06,HB,,,write_whitelist,
,XBUS,8000282706010C3F,0x06,HB,,,write_whitelist,
,XBUS,8000282806010C3F,0x06,HB,,,write_whitelist,
,XBUS,8000282906010C3F,0x06,HB,,,write_whitelist,
,XBUS,8000282A06010C3F,0x06,HB,,,write_whitelist,
,XBUS,8000282B06010C3F,0x06,HB,,,write_whitelist,
,XBUS,8000282C06010C3F,0x06,HB,,,write_whitelist,
,XBUS,8000282D06010C3F,0x06,HB,,,write_whitelist,
,XBUS,8000282E06010C3F,0x06,HB,,,write_whitelist,
,XBUS,8000282F06010C3F,0x06,HB,,,write_whitelist,
,XBUS,8000283006010C3F,0x06,HB,,,write_whitelist,
,XBUS,8000283106010C3F,0x06,HB,,,write_whitelist,
,XBUS,8000300006010C3F,0x06,HB,,,write_whitelist,
,XBUS,8000300106010C3F,0x06,HB,,,write_whitelist,
,XBUS,8000300206010C3F,0x06,HB,,,write_whitelist,
,XBUS,8000300306010C3F,0x06,HB,,,write_whitelist,
,XBUS,8000300406010C3F,0x06,HB,,,write_whitelist,
,XBUS,8000300506010C3F,0x06,HB,,,write_whitelist,
,XBUS,8000300606010C3F,0x06,HB,,,write_whitelist,
,XBUS,8000300706010C3F,0x06,HB,,,write_whitelist,
,XBUS,8000300806010C3F,0x06,HB,,,write_whitelist,
,XBUS,8000300906010C3F,0x06,HB,,,write_whitelist,
,XBUS,8000300A06010C3F,0x06,HB,,,write_whitelist,
,XBUS,8000300B06010C3F,0x06,HB,,,write_whitelist,
,XBUS,8000300C06010C3F,0x06,HB,,,write_whitelist,
,XBUS,8000300D06010C3F,0x06,HB,,,write_whitelist,
,XBUS,8000300E06010C3F,0x06,HB,,,write_whitelist,
,XBUS,8000300F06010C3F,0x06,HB,,,write_whitelist,
,XBUS,8000301006010C3F,0x06,HB,,,write_whitelist,
,XBUS,8000301106010C3F,0x06,HB,,,write_whitelist,
,XBUS,8000302006010C3F,0x06,HB,,,write_whitelist,
,XBUS,8000302106010C3F,0x06,HB,,,write_whitelist,
,XBUS,8000302206010C3F,0x06,HB,,,write_whitelist,
,XBUS,8000302306010C3F,0x06,HB,,,write_whitelist,
,XBUS,8000302406010C3F,0x06,HB,,,write_whitelist,
,XBUS,8000302506010C3F,0x06,HB,,,write_whitelist,
,XBUS,8000302606010C3F,0x06,HB,,,write_whitelist,
,XBUS,8000302706010C3F,0x06,HB,,,write_whitelist,
,XBUS,8000302806010C3F,0x06,HB,,,write_whitelist,
,XBUS,8000302906010C3F,0x06,HB,,,write_whitelist,
,XBUS,8000302A06010C3F,0x06,HB,,,write_whitelist,
,XBUS,8000302B06010C3F,0x06,HB,,,write_whitelist,
,XBUS,8000302C06010C3F,0x06,HB,,,write_whitelist,
,XBUS,8000302D06010C3F,0x06,HB,,,write_whitelist,
,XBUS,8000302E06010C3F,0x06,HB,,,write_whitelist,
,XBUS,8000302F06010C3F,0x06,HB,,,write_whitelist,
,XBUS,8000303006010C3F,0x06,HB,,,write_whitelist,
,XBUS,8000303106010C3F,0x06,HB,,,write_whitelist,
,XBUS,8000C00006010C3F,0x06,HB,,,write_whitelist,
,XBUS,8000C00106010C3F,0x06,HB,,,write_whitelist,
,XBUS,8000C00206010C3F,0x06,HB,,,write_whitelist,
,XBUS,8000C00306010C3F,0x06,HB,,,write_whitelist,
,XBUS,8000C00406010C3F,0x06,HB,,,write_whitelist,
,XBUS,8000C00506010C3F,0x06,HB,,,write_whitelist,
,XBUS,8000C00606010C3F,0x06,HB,,,write_whitelist,
,XBUS,8000C00706010C3F,0x06,HB,,,write_whitelist,
,XBUS,8000C00806010C3F,0x06,HB,,,write_whitelist,
,XBUS,8000C00906010C3F,0x06,HB,,,write_whitelist,
,XBUS,8000C00A06010C3F,0x06,HB,,,write_whitelist,
,XBUS,8000C00B06010C3F,0x06,HB,,,write_whitelist,
,XBUS,8000C00C06010C3F,0x06,HB,,,write_whitelist,
,XBUS,8000C00D06010C3F,0x06,HB,,,write_whitelist,
,XBUS,8000C00E06010C3F,0x06,HB,,,write_whitelist,
,XBUS,8000C00F06010C3F,0x06,HB,,,write_whitelist,
,XBUS,8000C01006010C3F,0x06,HB,,,write_whitelist,
,XBUS,8000C01106010C3F,0x06,HB,,,write_whitelist,
,XBUS,8000C02006010C3F,0x06,HB,,,write_whitelist,
,XBUS,8000C02106010C3F,0x06,HB,,,write_whitelist,
,XBUS,8000C02206010C3F,0x06,HB,,,write_whitelist,
,XBUS,8000C02306010C3F,0x06,HB,,,write_whitelist,
,XBUS,8000C02406010C3F,0x06,HB,,,write_whitelist,
,XBUS,8000C02506010C3F,0x06,HB,,,write_whitelist,
,XBUS,8000C02606010C3F,0x06,HB,,,write_whitelist,
,XBUS,8000C02706010C3F,0x06,HB,,,write_whitelist,
,XBUS,8000C02806010C3F,0x06,HB,,,write_whitelist,
,XBUS,8000C02906010C3F,0x06,HB,,,write_whitelist,
,XBUS,8000C02A06010C3F,0x06,HB,,,write_whitelist,
,XBUS,8000C02B06010C3F,0x06,HB,,,write_whitelist,
,XBUS,8000C02C06010C3F,0x06,HB,,,write_whitelist,
,XBUS,8000C02D06010C3F,0x06,HB,,,write_whitelist,
,XBUS,8000C02E06010C3F,0x06,HB,,,write_whitelist,
,XBUS,8000C02F06010C3F,0x06,HB,,,write_whitelist,
,XBUS,8000C03006010C3F,0x06,HB,,,write_whitelist,
,XBUS,8000C03106010C3F,0x06,HB,,,write_whitelist,
,XBUS,8002200006010C3F,0x06,HB,,,write_whitelist,
,XBUS,8002200106010C3F,0x06,HB,,,write_whitelist,
,XBUS,8002200206010C3F,0x06,HB,,,write_whitelist,
,XBUS,8002200306010C3F,0x06,HB,,,write_whitelist,
,XBUS,8002200406010C3F,0x06,HB,,,write_whitelist,
,XBUS,8002200506010C3F,0x06,HB,,,write_whitelist,
,XBUS,8002200606010C3F,0x06,HB,,,write_whitelist,
,XBUS,8002200706010C3F,0x06,HB,,,write_whitelist,
,XBUS,8002200806010C3F,0x06,HB,,,write_whitelist,
,XBUS,8002200906010C3F,0x06,HB,,,write_whitelist,
,XBUS,8002200A06010C3F,0x06,HB,,,write_whitelist,
,XBUS,8002200B06010C3F,0x06,HB,,,write_whitelist,
,XBUS,8002200C06010C3F,0x06,HB,,,write_whitelist,
,XBUS,8002200D06010C3F,0x06,HB,,,write_whitelist,
,XBUS,8002200E06010C3F,0x06,HB,,,write_whitelist,
,XBUS,8002200F06010C3F,0x06,HB,,,write_whitelist,
,XBUS,8002201006010C3F,0x06,HB,,,write_whitelist,
,XBUS,8002201106010C3F,0x06,HB,,,write_whitelist,
,XBUS,8002202006010C3F,0x06,HB,,,write_whitelist,
,XBUS,8002202106010C3F,0x06,HB,,,write_whitelist,
,XBUS,8002202206010C3F,0x06,HB,,,write_whitelist,
,XBUS,8002202306010C3F,0x06,HB,,,write_whitelist,
,XBUS,8002202406010C3F,0x06,HB,,,write_whitelist,
,XBUS,8002202506010C3F,0x06,HB,,,write_whitelist,
,XBUS,8002202606010C3F,0x06,HB,,,write_whitelist,
,XBUS,8002202706010C3F,0x06,HB,,,write_whitelist,
,XBUS,8002202806010C3F,0x06,HB,,,write_whitelist,
,XBUS,8002202906010C3F,0x06,HB,,,write_whitelist,
,XBUS,8002202A06010C3F,0x06,HB,,,write_whitelist,
,XBUS,8002202B06010C3F,0x06,HB,,,write_whitelist,
,XBUS,8002202C06010C3F,0x06,HB,,,write_whitelist,
,XBUS,8002202D06010C3F,0x06,HB,,,write_whitelist,
,XBUS,8002202E06010C3F,0x06,HB,,,write_whitelist,
,XBUS,8002202F06010C3F,0x06,HB,,,write_whitelist,
,XBUS,8002203006010C3F,0x06,HB,,,write_whitelist,
,XBUS,8002203106010C3F,0x06,HB,,,write_whitelist,
,XBUS,8002400006010C3F,0x06,HB,,,write_whitelist,
,XBUS,8002400106010C3F,0x06,HB,,,write_whitelist,
,XBUS,8002400206010C3F,0x06,HB,,,write_whitelist,
,XBUS,8002400306010C3F,0x06,HB,,,write_whitelist,
,XBUS,8002400406010C3F,0x06,HB,,,write_whitelist,
,XBUS,8002400506010C3F,0x06,HB,,,write_whitelist,
,XBUS,8002400606010C3F,0x06,HB,,,write_whitelist,
,XBUS,8002400706010C3F,0x06,HB,,,write_whitelist,
,XBUS,8002400806010C3F,0x06,HB,,,write_whitelist,
,XBUS,8002400906010C3F,0x06,HB,,,write_whitelist,
,XBUS,8002400A06010C3F,0x06,HB,,,write_whitelist,
,XBUS,8002400B06010C3F,0x06,HB,,,write_whitelist,
,XBUS,8002400C06010C3F,0x06,HB,,,write_whitelist,
,XBUS,8002400D06010C3F,0x06,HB,,,write_whitelist,
,XBUS,8002400E06010C3F,0x06,HB,,,write_whitelist,
,XBUS,8002400F06010C3F,0x06,HB,,,write_whitelist,
,XBUS,8002401006010C3F,0x06,HB,,,write_whitelist,
,XBUS,8002402006010C3F,0x06,HB,,,write_whitelist,
,XBUS,8002402106010C3F,0x06,HB,,,write_whitelist,
,XBUS,8002402206010C3F,0x06,HB,,,write_whitelist,
,XBUS,8002402306010C3F,0x06,HB,,,write_whitelist,
,XBUS,8002402406010C3F,0x06,HB,,,write_whitelist,
,XBUS,8002402506010C3F,0x06,HB,,,write_whitelist,
,XBUS,8002402606010C3F,0x06,HB,,,write_whitelist,
,XBUS,8002402706010C3F,0x06,HB,,,write_whitelist,
,XBUS,8002402806010C3F,0x06,HB,,,write_whitelist,
,XBUS,8002402906010C3F,0x06,HB,,,write_whitelist,
,XBUS,8002402A06010C3F,0x06,HB,,,write_whitelist,
,XBUS,8002402B06010C3F,0x06,HB,,,write_whitelist,
,XBUS,8002402C06010C3F,0x06,HB,,,write_whitelist,
,XBUS,8002402D06010C3F,0x06,HB,,,write_whitelist,
,XBUS,8002402E06010C3F,0x06,HB,,,write_whitelist,
,XBUS,8002402F06010C3F,0x06,HB,,,write_whitelist,
,XBUS,8002403006010C3F,0x06,HB,,,write_whitelist,
,XBUS,8002C00006010C3F,0x06,HB,,,write_whitelist,
,XBUS,8002C00106010C3F,0x06,HB,,,write_whitelist,
,XBUS,8002C00206010C3F,0x06,HB,,,write_whitelist,
,XBUS,8002C00306010C3F,0x06,HB,,,write_whitelist,
,XBUS,8002C00406010C3F,0x06,HB,,,write_whitelist,
,XBUS,8002C00506010C3F,0x06,HB,,,write_whitelist,
,XBUS,8002C00606010C3F,0x06,HB,,,write_whitelist,
,XBUS,8002C00706010C3F,0x06,HB,,,write_whitelist,
,XBUS,8002C00806010C3F,0x06,HB,,,write_whitelist,
,XBUS,8002C00906010C3F,0x06,HB,,,write_whitelist,
,XBUS,8002C00A06010C3F,0x06,HB,,,write_whitelist,
,XBUS,8002C00B06010C3F,0x06,HB,,,write_whitelist,
,XBUS,8002C00C06010C3F,0x06,HB,,,write_whitelist,
,XBUS,8002C00D06010C3F,0x06,HB,,,write_whitelist,
,XBUS,8002C00E06010C3F,0x06,HB,,,write_whitelist,
,XBUS,8002C00F06010C3F,0x06,HB,,,write_whitelist,
,XBUS,8002C01006010C3F,0x06,HB,,,write_whitelist,
,XBUS,8002C02006010C3F,0x06,HB,,,write_whitelist,
,XBUS,8002C02106010C3F,0x06,HB,,,write_whitelist,
,XBUS,8002C02206010C3F,0x06,HB,,,write_whitelist,
,XBUS,8002C02306010C3F,0x06,HB,,,write_whitelist,
,XBUS,8002C02406010C3F,0x06,HB,,,write_whitelist,
,XBUS,8002C02506010C3F,0x06,HB,,,write_whitelist,
,XBUS,8002C02606010C3F,0x06,HB,,,write_whitelist,
,XBUS,8002C02706010C3F,0x06,HB,,,write_whitelist,
,XBUS,8002C02806010C3F,0x06,HB,,,write_whitelist,
,XBUS,8002C02906010C3F,0x06,HB,,,write_whitelist,
,XBUS,8002C02A06010C3F,0x06,HB,,,write_whitelist,
,XBUS,8002C02B06010C3F,0x06,HB,,,write_whitelist,
,XBUS,8002C02C06010C3F,0x06,HB,,,write_whitelist,
,XBUS,8002C02D06010C3F,0x06,HB,,,write_whitelist,
,XBUS,8002C02E06010C3F,0x06,HB,,,write_whitelist,
,XBUS,8002C02F06010C3F,0x06,HB,,,write_whitelist,
,XBUS,8002C03006010C3F,0x06,HB,,,write_whitelist,
,XBUS,8002C80006010C3F,0x06,HB,,,write_whitelist,
,XBUS,8002C80106010C3F,0x06,HB,,,write_whitelist,
,XBUS,8002C80206010C3F,0x06,HB,,,write_whitelist,
,XBUS,8002C80306010C3F,0x06,HB,,,write_whitelist,
,XBUS,8002C80406010C3F,0x06,HB,,,write_whitelist,
,XBUS,8002C80506010C3F,0x06,HB,,,write_whitelist,
,XBUS,8002C80606010C3F,0x06,HB,,,write_whitelist,
,XBUS,8002C80706010C3F,0x06,HB,,,write_whitelist,
,XBUS,8002C80806010C3F,0x06,HB,,,write_whitelist,
,XBUS,8002C80906010C3F,0x06,HB,,,write_whitelist,
,XBUS,8002C80A06010C3F,0x06,HB,,,write_whitelist,
,XBUS,8002C80B06010C3F,0x06,HB,,,write_whitelist,
,XBUS,8002C80C06010C3F,0x06,HB,,,write_whitelist,
,XBUS,8002C80D06010C3F,0x06,HB,,,write_whitelist,
,XBUS,8002C80E06010C3F,0x06,HB,,,write_whitelist,
,XBUS,8002C80F06010C3F,0x06,HB,,,write_whitelist,
,XBUS,8002C81006010C3F,0x06,HB,,,write_whitelist,
,XBUS,8002C82006010C3F,0x06,HB,,,write_whitelist,
,XBUS,8002C82106010C3F,0x06,HB,,,write_whitelist,
,XBUS,8002C82206010C3F,0x06,HB,,,write_whitelist,
,XBUS,8002C82306010C3F,0x06,HB,,,write_whitelist,
,XBUS,8002C82406010C3F,0x06,HB,,,write_whitelist,
,XBUS,8002C82506010C3F,0x06,HB,,,write_whitelist,
,XBUS,8002C82606010C3F,0x06,HB,,,write_whitelist,
,XBUS,8002C82706010C3F,0x06,HB,,,write_whitelist,
,XBUS,8002C82806010C3F,0x06,HB,,,write_whitelist,
,XBUS,8002C82906010C3F,0x06,HB,,,write_whitelist,
,XBUS,8002C82A06010C3F,0x06,HB,,,write_whitelist,
,XBUS,8002C82B06010C3F,0x06,HB,,,write_whitelist,
,XBUS,8002C82C06010C3F,0x06,HB,,,write_whitelist,
,XBUS,8002C82D06010C3F,0x06,HB,,,write_whitelist,
,XBUS,8002C82E06010C3F,0x06,HB,,,write_whitelist,
,XBUS,8002C82F06010C3F,0x06,HB,,,write_whitelist,
,XBUS,8002C83006010C3F,0x06,HB,,,write_whitelist,
,XBUS,8004040006010C3F,0x06,HB,,,write_whitelist,
,XBUS,8004040106010C3F,0x06,HB,,,write_whitelist,
,XBUS,8004040206010C3F,0x06,HB,,,write_whitelist,
,XBUS,8004040306010C3F,0x06,HB,,,write_whitelist,
,XBUS,8004040406010C3F,0x06,HB,,,write_whitelist,
,XBUS,8004040506010C3F,0x06,HB,,,write_whitelist,
,XBUS,8004040606010C3F,0x06,HB,,,write_whitelist,
,XBUS,8004040706010C3F,0x06,HB,,,write_whitelist,
,XBUS,8004040806010C3F,0x06,HB,,,write_whitelist,
,XBUS,8004040906010C3F,0x06,HB,,,write_whitelist,
,XBUS,8004040A06010C3F,0x06,HB,,,write_whitelist,
,XBUS,8004040B06010C3F,0x06,HB,,,write_whitelist,
,XBUS,8004040C06010C3F,0x06,HB,,,write_whitelist,
,XBUS,8004040D06010C3F,0x06,HB,,,write_whitelist,
,XBUS,8004040E06010C3F,0x06,HB,,,write_whitelist,
,XBUS,8004040F06010C3F,0x06,HB,,,write_whitelist,
,XBUS,8004041006010C3F,0x06,HB,,,write_whitelist,
,XBUS,8004042006010C3F,0x06,HB,,,write_whitelist,
,XBUS,8004042106010C3F,0x06,HB,,,write_whitelist,
,XBUS,8004042206010C3F,0x06,HB,,,write_whitelist,
,XBUS,8004042306010C3F,0x06,HB,,,write_whitelist,
,XBUS,8004042406010C3F,0x06,HB,,,write_whitelist,
,XBUS,8004042506010C3F,0x06,HB,,,write_whitelist,
,XBUS,8004042606010C3F,0x06,HB,,,write_whitelist,
,XBUS,8004042706010C3F,0x06,HB,,,write_whitelist,
,XBUS,8004042806010C3F,0x06,HB,,,write_whitelist,
,XBUS,8004042906010C3F,0x06,HB,,,write_whitelist,
,XBUS,8004042A06010C3F,0x06,HB,,,write_whitelist,
,XBUS,8004042B06010C3F,0x06,HB,,,write_whitelist,
,XBUS,8004042C06010C3F,0x06,HB,,,write_whitelist,
,XBUS,8004042D06010C3F,0x06,HB,,,write_whitelist,
,XBUS,8004042E06010C3F,0x06,HB,,,write_whitelist,
,XBUS,8004042F06010C3F,0x06,HB,,,write_whitelist,
,XBUS,8004043006010C3F,0x06,HB,,,write_whitelist,
,XBUS,80040C0006010C3F,0x06,HB,,,write_whitelist,
,XBUS,80040C0106010C3F,0x06,HB,,,write_whitelist,
,XBUS,80040C0206010C3F,0x06,HB,,,write_whitelist,
,XBUS,80040C0306010C3F,0x06,HB,,,write_whitelist,
,XBUS,80040C0406010C3F,0x06,HB,,,write_whitelist,
,XBUS,80040C0506010C3F,0x06,HB,,,write_whitelist,
,XBUS,80040C0606010C3F,0x06,HB,,,write_whitelist,
,XBUS,80040C0706010C3F,0x06,HB,,,write_whitelist,
,XBUS,80040C0806010C3F,0x06,HB,,,write_whitelist,
,XBUS,80040C0906010C3F,0x06,HB,,,write_whitelist,
,XBUS,80040C0A06010C3F,0x06,HB,,,write_whitelist,
,XBUS,80040C0B06010C3F,0x06,HB,,,write_whitelist,
,XBUS,80040C0C06010C3F,0x06,HB,,,write_whitelist,
,XBUS,80040C0D06010C3F,0x06,HB,,,write_whitelist,
,XBUS,80040C0E06010C3F,0x06,HB,,,write_whitelist,
,XBUS,80040C0F06010C3F,0x06,HB,,,write_whitelist,
,XBUS,80040C1006010C3F,0x06,HB,,,write_whitelist,
,XBUS,80040C2006010C3F,0x06,HB,,,write_whitelist,
,XBUS,80040C2106010C3F,0x06,HB,,,write_whitelist,
,XBUS,80040C2206010C3F,0x06,HB,,,write_whitelist,
,XBUS,80040C2306010C3F,0x06,HB,,,write_whitelist,
,XBUS,80040C2406010C3F,0x06,HB,,,write_whitelist,
,XBUS,80040C2506010C3F,0x06,HB,,,write_whitelist,
,XBUS,80040C2606010C3F,0x06,HB,,,write_whitelist,
,XBUS,80040C2706010C3F,0x06,HB,,,write_whitelist,
,XBUS,80040C2806010C3F,0x06,HB,,,write_whitelist,
,XBUS,80040C2906010C3F,0x06,HB,,,write_whitelist,
,XBUS,80040C2A06010C3F,0x06,HB,,,write_whitelist,
,XBUS,80040C2B06010C3F,0x06,HB,,,write_whitelist,
,XBUS,80040C2C06010C3F,0x06,HB,,,write_whitelist,
,XBUS,80040C2D06010C3F,0x06,HB,,,write_whitelist,
,XBUS,80040C2E06010C3F,0x06,HB,,,write_whitelist,
,XBUS,80040C2F06010C3F,0x06,HB,,,write_whitelist,
,XBUS,80040C3006010C3F,0x06,HB,,,write_whitelist,
,XBUS,80043C0006010C3F,0x06,HB,,,write_whitelist,
,XBUS,80043C0106010C3F,0x06,HB,,,write_whitelist,
,XBUS,80043C0206010C3F,0x06,HB,,,write_whitelist,
,XBUS,80043C0306010C3F,0x06,HB,,,write_whitelist,
,XBUS,80043C0406010C3F,0x06,HB,,,write_whitelist,
,XBUS,80043C0506010C3F,0x06,HB,,,write_whitelist,
,XBUS,80043C0606010C3F,0x06,HB,,,write_whitelist,
,XBUS,80043C0706010C3F,0x06,HB,,,write_whitelist,
,XBUS,80043C0806010C3F,0x06,HB,,,write_whitelist,
,XBUS,80043C0906010C3F,0x06,HB,,,write_whitelist,
,XBUS,80043C0A06010C3F,0x06,HB,,,write_whitelist,
,XBUS,80043C0B06010C3F,0x06,HB,,,write_whitelist,
,XBUS,80043C0C06010C3F,0x06,HB,,,write_whitelist,
,XBUS,80043C0D06010C3F,0x06,HB,,,write_whitelist,
,XBUS,80043C0E06010C3F,0x06,HB,,,write_whitelist,
,XBUS,80043C0F06010C3F,0x06,HB,,,write_whitelist,
,XBUS,80043C1006010C3F,0x06,HB,,,write_whitelist,
,XBUS,80043C2006010C3F,0x06,HB,,,write_whitelist,
,XBUS,80043C2106010C3F,0x06,HB,,,write_whitelist,
,XBUS,80043C2206010C3F,0x06,HB,,,write_whitelist,
,XBUS,80043C2306010C3F,0x06,HB,,,write_whitelist,
,XBUS,80043C2406010C3F,0x06,HB,,,write_whitelist,
,XBUS,80043C2506010C3F,0x06,HB,,,write_whitelist,
,XBUS,80043C2606010C3F,0x06,HB,,,write_whitelist,
,XBUS,80043C2706010C3F,0x06,HB,,,write_whitelist,
,XBUS,80043C2806010C3F,0x06,HB,,,write_whitelist,
,XBUS,80043C2906010C3F,0x06,HB,,,write_whitelist,
,XBUS,80043C2A06010C3F,0x06,HB,,,write_whitelist,
,XBUS,80043C2B06010C3F,0x06,HB,,,write_whitelist,
,XBUS,80043C2C06010C3F,0x06,HB,,,write_whitelist,
,XBUS,80043C2D06010C3F,0x06,HB,,,write_whitelist,
,XBUS,80043C2E06010C3F,0x06,HB,,,write_whitelist,
,XBUS,80043C2F06010C3F,0x06,HB,,,write_whitelist,
,XBUS,80043C3006010C3F,0x06,HB,,,write_whitelist,
,XBUS,8004440006010C3F,0x06,HB,,,write_whitelist,
,XBUS,8004440106010C3F,0x06,HB,,,write_whitelist,
,XBUS,8004440206010C3F,0x06,HB,,,write_whitelist,
,XBUS,8004440306010C3F,0x06,HB,,,write_whitelist,
,XBUS,8004440406010C3F,0x06,HB,,,write_whitelist,
,XBUS,8004440506010C3F,0x06,HB,,,write_whitelist,
,XBUS,8004440606010C3F,0x06,HB,,,write_whitelist,
,XBUS,8004440706010C3F,0x06,HB,,,write_whitelist,
,XBUS,8004440806010C3F,0x06,HB,,,write_whitelist,
,XBUS,8004440906010C3F,0x06,HB,,,write_whitelist,
,XBUS,8004440A06010C3F,0x06,HB,,,write_whitelist,
,XBUS,8004440B06010C3F,0x06,HB,,,write_whitelist,
,XBUS,8004440C06010C3F,0x06,HB,,,write_whitelist,
,XBUS,8004440D06010C3F,0x06,HB,,,write_whitelist,
,XBUS,8004440E06010C3F,0x06,HB,,,write_whitelist,
,XBUS,8004440F06010C3F,0x06,HB,,,write_whitelist,
,XBUS,8004441006010C3F,0x06,HB,,,write_whitelist,
,XBUS,8004442006010C3F,0x06,HB,,,write_whitelist,
,XBUS,8004442106010C3F,0x06,HB,,,write_whitelist,
,XBUS,8004442206010C3F,0x06,HB,,,write_whitelist,
,XBUS,8004442306010C3F,0x06,HB,,,write_whitelist,
,XBUS,8004442406010C3F,0x06,HB,,,write_whitelist,
,XBUS,8004442506010C3F,0x06,HB,,,write_whitelist,
,XBUS,8004442606010C3F,0x06,HB,,,write_whitelist,
,XBUS,8004442706010C3F,0x06,HB,,,write_whitelist,
,XBUS,8004442806010C3F,0x06,HB,,,write_whitelist,
,XBUS,8004442906010C3F,0x06,HB,,,write_whitelist,
,XBUS,8004442A06010C3F,0x06,HB,,,write_whitelist,
,XBUS,8004442B06010C3F,0x06,HB,,,write_whitelist,
,XBUS,8004442C06010C3F,0x06,HB,,,write_whitelist,
,XBUS,8004442D06010C3F,0x06,HB,,,write_whitelist,
,XBUS,8004442E06010C3F,0x06,HB,,,write_whitelist,
,XBUS,8004442F06010C3F,0x06,HB,,,write_whitelist,
,XBUS,8004443006010C3F,0x06,HB,,,write_whitelist,
,XBUS,8008080006010C3F,0x06,HB,,,write_whitelist,
,XBUS,8008082006010C3F,0x06,HB,,,write_whitelist,
,XBUS,8008100006010C3F,0x06,HB,,,write_whitelist,
,XBUS,8008102006010C3F,0x06,HB,,,write_whitelist,
,XBUS,8008300006010C3F,0x06,HB,,,write_whitelist,
,XBUS,8008302006010C3F,0x06,HB,,,write_whitelist,
,XBUS,8008400006010C3F,0x06,HB,,,write_whitelist,
,XBUS,8008402006010C3F,0x06,HB,,,write_whitelist,
,XBUS,8008C00006010C3F,0x06,HB,,,write_whitelist,
,XBUS,8008C02006010C3F,0x06,HB,,,write_whitelist,
,XBUS,8009700006010C3F,0x06,HB,,,write_whitelist,
,XBUS,8009702006010C3F,0x06,HB,,,write_whitelist,
,XBUS,8009800006010C3F,0x06,HB,,,write_whitelist,
,XBUS,8009802006010C3F,0x06,HB,,,write_whitelist,
,XBUS,8009900006010C3F,0x06,HB,,,write_whitelist,
,XBUS,8009902006010C3F,0x06,HB,,,write_whitelist,
,XBUS,8009980006010C3F,0x06,HB,,,write_whitelist,
,XBUS,8009982006010C3F,0x06,HB,,,write_whitelist,
,XBUS,8009A00006010C3F,0x06,HB,,,write_whitelist,
,XBUS,8009A02006010C3F,0x06,HB,,,write_whitelist,
,XBUS,8009B00006010C3F,0x06,HB,,,write_whitelist,
,XBUS,8009B02006010C3F,0x06,HB,,,write_whitelist,
,XBUS,8009B80006010C3F,0x06,HB,,,write_whitelist,
,XBUS,8009B82006010C3F,0x06,HB,,,write_whitelist,
,XBUS,8009E00006010C3F,0x06,HB,,,write_whitelist,
,XBUS,8009E02006010C3F,0x06,HB,,,write_whitelist,
,XBUS,8009E80006010C3F,0x06,HB,,,write_whitelist,
,XBUS,8009E82006010C3F,0x06,HB,,,write_whitelist,
,XBUS,8009F00006010C3F,0x06,HB,,,write_whitelist,
,XBUS,8009F02006010C3F,0x06,HB,,,write_whitelist,
,XBUS,8009F80006010C3F,0x06,HB,,,write_whitelist,
,XBUS,8009F82006010C3F,0x06,HB,,,write_whitelist,
,XBUS,800A380006010C3F,0x06,HB,,,write_whitelist,
,XBUS,800A382006010C3F,0x06,HB,,,write_whitelist,
,XBUS,800A800006010C3F,0x06,HB,,,write_whitelist,
,XBUS,800A802006010C3F,0x06,HB,,,write_whitelist,
,XBUS,800AE80006010C3F,0x06,HB,,,write_whitelist,
,XBUS,800AE82006010C3F,0x06,HB,,,write_whitelist,
,XBUS,800AF80006010C3F,0x06,HB,,,write_whitelist,
,XBUS,800AF82006010C3F,0x06,HB,,,write_whitelist,
,XBUS,800B800006010C3F,0x06,HB,,,write_whitelist,
,XBUS,800B802006010C3F,0x06,HB,,,write_whitelist,
,XBUS,800C040006010C3F,0x06,HB,,,write_whitelist,
,XBUS,800C042006010C3F,0x06,HB,,,write_whitelist,
,XBUS,800C0C0006010C3F,0x06,HB,,,write_whitelist,
,XBUS,800C0C2006010C3F,0x06,HB,,,write_whitelist,
,XBUS,800C140006010C3F,0x06,HB,,,write_whitelist,
,XBUS,800C142006010C3F,0x06,HB,,,write_whitelist,
,XBUS,800C1C0006010C3F,0x06,HB,,,write_whitelist,
,XBUS,800C1C2006010C3F,0x06,HB,,,write_whitelist,
,XBUS,800C240006010C3F,0x06,HB,,,write_whitelist,
,XBUS,800C242006010C3F,0x06,HB,,,write_whitelist,
,XBUS,800C840006010C3F,0x06,HB,,,write_whitelist,
,XBUS,800C842006010C3F,0x06,HB,,,write_whitelist,
,XBUS,800C8C0006010C3F,0x06,HB,,,write_whitelist,
,XBUS,800C8C2006010C3F,0x06,HB,,,write_whitelist,
,XBUS,800C9C0006010C3F,0x06,HB,,,write_whitelist,
,XBUS,800C9C2006010C3F,0x06,HB,,,write_whitelist,
,XBUS,800CEC0006010C3F,0x06,HB,,,write_whitelist,
,XBUS,800CEC2006010C3F,0x06,HB,,,write_whitelist,
,XBUS,800CF40006010C3F,0x06,HB,,,write_whitelist,
,XBUS,800CF42006010C3F,0x06,HB,,,write_whitelist,
,XBUS,800D340006010C3F,0x06,HB,,,write_whitelist,
,XBUS,800D342006010C3F,0x06,HB,,,write_whitelist,
,XBUS,800D3C0006010C3F,0x06,HB,,,write_whitelist,
,XBUS,800D3C2006010C3F,0x06,HB,,,write_whitelist,
,XBUS,800D440006010C3F,0x06,HB,,,write_whitelist,
,XBUS,800D442006010C3F,0x06,HB,,,write_whitelist,
,XBUS,800D4C0006010C3F,0x06,HB,,,write_whitelist,
,XBUS,800D4C2006010C3F,0x06,HB,,,write_whitelist,
,XBUS,800D540006010C3F,0x06,HB,,,write_whitelist,
,XBUS,800D542006010C3F,0x06,HB,,,write_whitelist,
,XBUS,800D5C0006010C3F,0x06,HB,,,write_whitelist,
,XBUS,800D5C2006010C3F,0x06,HB,,,write_whitelist,
,XBUS,800D640006010C3F,0x06,HB,,,write_whitelist,
,XBUS,800D642006010C3F,0x06,HB,,,write_whitelist,
,XBUS,800F040006010C3F,0x06,HB,,,write_whitelist,
,Nest 3,90000CF405011C11,0x05,HB,,,write_whitelist,
,Nest 3,90000E0605011C11,0x05,HB,,,write_whitelist,
,Nest 3,90000E4305011C11,0x05,HB,,,write_whitelist,
,Nest 3,90000E6105011811,0x05,HB,,,write_whitelist,
,Nest 3,90000E6105012011,0x05,HB,,,write_whitelist,
,Nest 3,90000EA205011C11,0x05,HB,,,write_whitelist,
,Nest 3,90000EE105011C11,0x05,HB,,,write_whitelist,
,Nest 3,90000F0505011C11,0x05,HB,,,write_whitelist,
,Nest 3,90000F2005011C11,0x05,HB,,,write_whitelist,
,Nest 3,90000F4005011811,0x05,HB,,,write_whitelist,
,Nest 3,90000F4005012011,0x05,HB,,,write_whitelist,
,PB,501382F,0x05,,PB Optical Link Mailbox Data Movement register,,read_blacklist,
,PB,5013830,0x05,,PB Optical Link Mailbox 00 Register,,read_blacklist,
,PB,5013834,0x05,,PB Optical Link Mailbox 20 Register,,read_blacklist,
,PB,5013838,0x05,,PB Optical Link Mailbox 40 Register,,read_blacklist,
,PB,501383C,0x05,,PB Optical Link Mailbox 60 Register,,read_blacklist,
,Nest 1,301082D,0x03,,MC01 Array Access Data register,,read_blacklist,
,Nest 1,30108AD,0x03,,MC23 Array Access Data register,,read_blacklist,
,MC01,7012315,0x07,,CCS Array 0 registers,,read_blacklist,
,MC01,7012316,0x07,,CCS Array 0 registers,,read_blacklist,
,MC01,7012317,0x07,,CCS Array 0 registers,,read_blacklist,
,MC01,7012318,0x07,,CCS Array 0 registers,,read_blacklist,
,MC01,7012319,0x07,,CCS Array 0 registers,,read_blacklist,
,MC01,701231A,0x07,,CCS Array 0 registers,,read_blacklist,
,MC01,701231B,0x07,,CCS Array 0 registers,,read_blacklist,
,MC01,701231C,0x07,,CCS Array 0 registers,,read_blacklist,
,MC01,701231D,0x07,,CCS Array 0 registers,,read_blacklist,
,MC01,701231E,0x07,,CCS Array 0 registers,,read_blacklist,
,MC01,701231F,0x07,,CCS Array 0 registers,,read_blacklist,
,MC01,7012320,0x07,,CCS Array 0 registers,,read_blacklist,
,MC01,7012321,0x07,,CCS Array 0 registers,,read_blacklist,
,MC01,7012322,0x07,,CCS Array 0 registers,,read_blacklist,
,MC01,7012323,0x07,,CCS Array 0 registers,,read_blacklist,
,MC01,7012324,0x07,,CCS Array 0 registers,,read_blacklist,
,MC01,7012325,0x07,,CCS Array 0 registers,,read_blacklist,
,MC01,7012326,0x07,,CCS Array 0 registers,,read_blacklist,
,MC01,7012327,0x07,,CCS Array 0 registers,,read_blacklist,
,MC01,7012328,0x07,,CCS Array 0 registers,,read_blacklist,
,MC01,7012329,0x07,,CCS Array 0 registers,,read_blacklist,
,MC01,701232A,0x07,,CCS Array 0 registers,,read_blacklist,
,MC01,701232B,0x07,,CCS Array 0 registers,,read_blacklist,
,MC01,701232C,0x07,,CCS Array 0 registers,,read_blacklist,
,MC01,701232D,0x07,,CCS Array 0 registers,,read_blacklist,
,MC01,701232E,0x07,,CCS Array 0 registers,,read_blacklist,
,MC01,701232F,0x07,,CCS Array 0 registers,,read_blacklist,
,MC01,7012330,0x07,,CCS Array 0 registers,,read_blacklist,
,MC01,7012331,0x07,,CCS Array 0 registers,,read_blacklist,
,MC01,7012332,0x07,,CCS Array 0 registers,,read_blacklist,
,MC01,7012333,0x07,,CCS Array 0 registers,,read_blacklist,
,MC01,7012334,0x07,,CCS Array 0 registers,,read_blacklist,
,MC01,7012335,0x07,,CCS Array 1 registers,,read_blacklist,
,MC01,7012336,0x07,,CCS Array 1 registers,,read_blacklist,
,MC01,7012337,0x07,,CCS Array 1 registers,,read_blacklist,
,MC01,7012338,0x07,,CCS Array 1 registers,,read_blacklist,
,MC01,7012339,0x07,,CCS Array 1 registers,,read_blacklist,
,MC01,701233A,0x07,,CCS Array 1 registers,,read_blacklist,
,MC01,701233B,0x07,,CCS Array 1 registers,,read_blacklist,
,MC01,701233C,0x07,,CCS Array 1 registers,,read_blacklist,
,MC01,701233D,0x07,,CCS Array 1 registers,,read_blacklist,
,MC01,701233E,0x07,,CCS Array 1 registers,,read_blacklist,
,MC01,701233F,0x07,,CCS Array 1 registers,,read_blacklist,
,MC01,7012340,0x07,,CCS Array 1 registers,,read_blacklist,
,MC01,7012341,0x07,,CCS Array 1 registers,,read_blacklist,
,MC01,7012342,0x07,,CCS Array 1 registers,,read_blacklist,
,MC01,7012343,0x07,,CCS Array 1 registers,,read_blacklist,
,MC01,7012344,0x07,,CCS Array 1 registers,,read_blacklist,
,MC01,7012345,0x07,,CCS Array 1 registers,,read_blacklist,
,MC01,7012346,0x07,,CCS Array 1 registers,,read_blacklist,
,MC01,7012347,0x07,,CCS Array 1 registers,,read_blacklist,
,MC01,7012348,0x07,,CCS Array 1 registers,,read_blacklist,
,MC01,7012349,0x07,,CCS Array 1 registers,,read_blacklist,
,MC01,701234A,0x07,,CCS Array 1 registers,,read_blacklist,
,MC01,701234B,0x07,,CCS Array 1 registers,,read_blacklist,
,MC01,701234C,0x07,,CCS Array 1 registers,,read_blacklist,
,MC01,701234D,0x07,,CCS Array 1 registers,,read_blacklist,
,MC01,701234E,0x07,,CCS Array 1 registers,,read_blacklist,
,MC01,701234F,0x07,,CCS Array 1 registers,,read_blacklist,
,MC01,7012350,0x07,,CCS Array 1 registers,,read_blacklist,
,MC01,7012351,0x07,,CCS Array 1 registers,,read_blacklist,
,MC01,7012352,0x07,,CCS Array 1 registers,,read_blacklist,
,MC01,7012353,0x07,,CCS Array 1 registers,,read_blacklist,
,MC01,7012354,0x07,,CCS Array 1 registers,,read_blacklist,
,MC01,701093C,0x07,,Port 0 Performance Monitor Count register,,read_blacklist,
,MC01,701097C,0x07,,Port 1 Performance Monitor Count register,,read_blacklist,
,MC01,70109BC,0x07,,Port 2 Performance Monitor Count register,,read_blacklist,
,MC01,70109FC,0x07,,Port 3 Performance Monitor Count register,,read_blacklist,
,MC01,7010A2A,0x07,,Port 0 Array Access Data Register,,read_blacklist,
,MC01,7010A6A,0x07,,Port 1 Array Access Data Register,,read_blacklist,
,MC01,7010AAA,0x07,,Port 2 Array Access Data Register,,read_blacklist,
,MC01,7010AEA,0x07,,Port 3 Array Access Data Register,,read_blacklist,
,MC23,8012315,0x08,,CCS Array 0 registers,,read_blacklist,
,MC23,8012316,0x08,,CCS Array 0 registers,,read_blacklist,
,MC23,8012317,0x08,,CCS Array 0 registers,,read_blacklist,
,MC23,8012318,0x08,,CCS Array 0 registers,,read_blacklist,
,MC23,8012319,0x08,,CCS Array 0 registers,,read_blacklist,
,MC23,801231A,0x08,,CCS Array 0 registers,,read_blacklist,
,MC23,801231B,0x08,,CCS Array 0 registers,,read_blacklist,
,MC23,801231C,0x08,,CCS Array 0 registers,,read_blacklist,
,MC23,801231D,0x08,,CCS Array 0 registers,,read_blacklist,
,MC23,801231E,0x08,,CCS Array 0 registers,,read_blacklist,
,MC23,801231F,0x08,,CCS Array 0 registers,,read_blacklist,
,MC23,8012320,0x08,,CCS Array 0 registers,,read_blacklist,
,MC23,8012321,0x08,,CCS Array 0 registers,,read_blacklist,
,MC23,8012322,0x08,,CCS Array 0 registers,,read_blacklist,
,MC23,8012323,0x08,,CCS Array 0 registers,,read_blacklist,
,MC23,8012324,0x08,,CCS Array 0 registers,,read_blacklist,
,MC23,8012325,0x08,,CCS Array 0 registers,,read_blacklist,
,MC23,8012326,0x08,,CCS Array 0 registers,,read_blacklist,
,MC23,8012327,0x08,,CCS Array 0 registers,,read_blacklist,
,MC23,8012328,0x08,,CCS Array 0 registers,,read_blacklist,
,MC23,8012329,0x08,,CCS Array 0 registers,,read_blacklist,
,MC23,801232A,0x08,,CCS Array 0 registers,,read_blacklist,
,MC23,801232B,0x08,,CCS Array 0 registers,,read_blacklist,
,MC23,801232C,0x08,,CCS Array 0 registers,,read_blacklist,
,MC23,801232D,0x08,,CCS Array 0 registers,,read_blacklist,
,MC23,801232E,0x08,,CCS Array 0 registers,,read_blacklist,
,MC23,801232F,0x08,,CCS Array 0 registers,,read_blacklist,
,MC23,8012330,0x08,,CCS Array 0 registers,,read_blacklist,
,MC23,8012331,0x08,,CCS Array 0 registers,,read_blacklist,
,MC23,8012332,0x08,,CCS Array 0 registers,,read_blacklist,
,MC23,8012333,0x08,,CCS Array 0 registers,,read_blacklist,
,MC23,8012334,0x08,,CCS Array 0 registers,,read_blacklist,
,MC23,8012335,0x08,,CCS Array 1 registers,,read_blacklist,
,MC23,8012336,0x08,,CCS Array 1 registers,,read_blacklist,
,MC23,8012337,0x08,,CCS Array 1 registers,,read_blacklist,
,MC23,8012338,0x08,,CCS Array 1 registers,,read_blacklist,
,MC23,8012339,0x08,,CCS Array 1 registers,,read_blacklist,
,MC23,801233A,0x08,,CCS Array 1 registers,,read_blacklist,
,MC23,801233B,0x08,,CCS Array 1 registers,,read_blacklist,
,MC23,801233C,0x08,,CCS Array 1 registers,,read_blacklist,
,MC23,801233D,0x08,,CCS Array 1 registers,,read_blacklist,
,MC23,801233E,0x08,,CCS Array 1 registers,,read_blacklist,
,MC23,801233F,0x08,,CCS Array 1 registers,,read_blacklist,
,MC23,8012340,0x08,,CCS Array 1 registers,,read_blacklist,
,MC23,8012341,0x08,,CCS Array 1 registers,,read_blacklist,
,MC23,8012342,0x08,,CCS Array 1 registers,,read_blacklist,
,MC23,8012343,0x08,,CCS Array 1 registers,,read_blacklist,
,MC23,8012344,0x08,,CCS Array 1 registers,,read_blacklist,
,MC23,8012345,0x08,,CCS Array 1 registers,,read_blacklist,
,MC23,8012346,0x08,,CCS Array 1 registers,,read_blacklist,
,MC23,8012347,0x08,,CCS Array 1 registers,,read_blacklist,
,MC23,8012348,0x08,,CCS Array 1 registers,,read_blacklist,
,MC23,8012349,0x08,,CCS Array 1 registers,,read_blacklist,
,MC23,801234A,0x08,,CCS Array 1 registers,,read_blacklist,
,MC23,801234B,0x08,,CCS Array 1 registers,,read_blacklist,
,MC23,801234C,0x08,,CCS Array 1 registers,,read_blacklist,
,MC23,801234D,0x08,,CCS Array 1 registers,,read_blacklist,
,MC23,801234E,0x08,,CCS Array 1 registers,,read_blacklist,
,MC23,801234F,0x08,,CCS Array 1 registers,,read_blacklist,
,MC23,8012350,0x08,,CCS Array 1 registers,,read_blacklist,
,MC23,8012351,0x08,,CCS Array 1 registers,,read_blacklist,
,MC23,8012352,0x08,,CCS Array 1 registers,,read_blacklist,
,MC23,8012353,0x08,,CCS Array 1 registers,,read_blacklist,
,MC23,8012354,0x08,,CCS Array 1 registers,,read_blacklist,
,MC23,801093C,0x08,,Port 0 Performance Monitor Count register,,read_blacklist,
,MC23,801097C,0x08,,Port 1 Performance Monitor Count register,,read_blacklist,
,MC23,80109BC,0x08,,Port 2 Performance Monitor Count register,,read_blacklist,
,MC23,80109FC,0x08,,Port 3 Performance Monitor Count register,,read_blacklist,
,MC23,8010A2A,0x08,,Port 0 Array Access Data Register,,read_blacklist,
,MC23,8010A6A,0x08,,Port 1 Array Access Data Register,,read_blacklist,
,MC23,8010AAA,0x08,,Port 2 Array Access Data Register,,read_blacklist,
,MC23,8010AEA,0x08,,Port 3 Array Access Data Register,,read_blacklist,
